idx,parent_idx,third_city
1,1,청운효자동
2,1,사직동
3,1,삼청동
4,1,부암동
5,1,평창동
6,1,무악동
7,1,교남동
8,1,가회동
9,1,종로1.2.3.4가동
10,1,종로5.6가동
11,1,이화동
12,1,혜화동
13,1,창신제1동
14,1,창신제2동
15,1,창신제3동
16,1,숭인제1동
17,1,숭인제2동
18,2,소공동
19,2,회현동
20,2,명동
21,2,필동
22,2,장충동
23,2,광희동
24,2,을지로동
25,2,신당동
26,2,다산동
27,2,약수동
28,2,청구동
29,2,신당제5동
30,2,동화동
31,2,황학동
32,2,중림동
33,3,후암동
34,3,용산2가동
35,3,남영동
36,3,청파동
37,3,원효로제1동
38,3,원효로제2동
39,3,효창동
40,3,용문동
41,3,한강로동
42,3,이촌제1동
43,3,이촌제2동
44,3,이태원제1동
45,3,이태원제2동
46,3,한남동
47,3,서빙고동
48,3,보광동
49,4,왕십리제2동
50,4,왕십리도선동
51,4,마장동
52,4,사근동
53,4,행당제1동
54,4,행당제2동
55,4,응봉동
56,4,금호1가동
57,4,금호2.3가동
58,4,금호4가동
59,4,옥수동
60,4,성수1가제1동
61,4,성수1가제2동
62,4,성수2가제1동
63,4,성수2가제3동
64,4,송정동
65,4,용답동
66,5,화양동
67,5,군자동
68,5,중곡제1동
69,5,중곡제2동
70,5,중곡제3동
71,5,중곡제4동
72,5,능동
73,5,광장동
74,5,자양제1동
75,5,자양제2동
76,5,자양제3동
77,5,자양제4동
78,5,구의제1동
79,5,구의제2동
80,5,구의제3동
81,6,용신동
82,6,제기동
83,6,전농제1동
84,6,전농제2동
85,6,답십리제1동
86,6,답십리제2동
87,6,장안제1동
88,6,장안제2동
89,6,청량리동
90,6,회기동
91,6,휘경제1동
92,6,휘경제2동
93,6,이문제1동
94,6,이문제2동
95,7,면목제2동
96,7,면목제4동
97,7,면목제5동
98,7,면목본동
99,7,면목제7동
100,7,면목제3.8동
101,7,상봉제1동
102,7,상봉제2동
103,7,중화제1동
104,7,중화제2동
105,7,묵제1동
106,7,묵제2동
107,7,망우본동
108,7,망우제3동
109,7,신내1동
110,7,신내2동
111,8,성북동
112,8,삼선동
113,8,동선동
114,8,돈암제1동
115,8,돈암제2동
116,8,안암동
117,8,보문동
118,8,정릉제1동
119,8,정릉제2동
120,8,정릉제3동
121,8,정릉제4동
122,8,길음제1동
123,8,길음제2동
124,8,종암동
125,8,월곡제1동
126,8,월곡제2동
127,8,장위제1동
128,8,장위제2동
129,8,장위제3동
130,8,석관동
131,9,삼양동
132,9,미아동
133,9,송중동
134,9,송천동
135,9,삼각산동
136,9,번제1동
137,9,번제2동
138,9,번제3동
139,9,수유제1동
140,9,수유제2동
141,9,수유제3동
142,9,우이동
143,9,인수동
144,10,창제1동
145,10,창제2동
146,10,창제3동
147,10,창제4동
148,10,창제5동
149,10,도봉제1동
150,10,도봉제2동
151,10,쌍문제1동
152,10,쌍문제2동
153,10,쌍문제3동
154,10,쌍문제4동
155,10,방학제1동
156,10,방학제2동
157,10,방학제3동
158,11,월계1동
159,11,월계2동
160,11,월계3동
161,11,공릉1동
162,11,공릉2동
163,11,하계1동
164,11,하계2동
165,11,중계본동
166,11,중계1동
167,11,중계4동
168,11,중계2.3동
169,11,상계1동
170,11,상계2동
171,11,상계3.4동
172,11,상계5동
173,11,상계6.7동
174,11,상계8동
175,11,상계9동
176,11,상계10동
177,12,녹번동
178,12,불광제1동
179,12,불광제2동
180,12,갈현제1동
181,12,갈현제2동
182,12,구산동
183,12,대조동
184,12,응암제1동
185,12,응암제2동
186,12,응암제3동
187,12,역촌동
188,12,신사제1동
189,12,신사제2동
190,12,증산동
191,12,수색동
192,12,진관동
193,13,천연동
194,13,북아현동
195,13,충현동
196,13,신촌동
197,13,연희동
198,13,홍제제1동
199,13,홍제제3동
200,13,홍제제2동
201,13,홍은제1동
202,13,홍은제2동
203,13,남가좌제1동
204,13,남가좌제2동
205,13,북가좌제1동
206,13,북가좌제2동
207,14,아현동
208,14,공덕동
209,14,도화동
210,14,용강동
211,14,대흥동
212,14,염리동
213,14,신수동
214,14,서강동
215,14,서교동
216,14,합정동
217,14,망원제1동
218,14,망원제2동
219,14,연남동
220,14,성산제1동
221,14,성산제2동
222,14,상암동
223,15,목1동
224,15,목2동
225,15,목3동
226,15,목4동
227,15,목5동
228,15,신월1동
229,15,신월2동
230,15,신월3동
231,15,신월4동
232,15,신월5동
233,15,신월6동
234,15,신월7동
235,15,신정1동
236,15,신정2동
237,15,신정3동
238,15,신정4동
239,15,신정6동
240,15,신정7동
241,16,염창동
242,16,등촌제1동
243,16,등촌제2동
244,16,등촌제3동
245,16,화곡제1동
246,16,화곡제2동
247,16,화곡제3동
248,16,화곡제4동
249,16,화곡본동
250,16,화곡제6동
251,16,화곡제8동
252,16,가양제1동
253,16,가양제2동
254,16,가양제3동
255,16,발산제1동
256,16,우장산동
257,16,공항동
258,16,방화제1동
259,16,방화제2동
260,16,방화제3동
261,17,신도림동
262,17,구로제1동
263,17,구로제2동
264,17,구로제3동
265,17,구로제4동
266,17,구로제5동
267,17,가리봉동
268,17,고척제1동
269,17,고척제2동
270,17,개봉제1동
271,17,개봉제2동
272,17,개봉제3동
273,17,오류제1동
274,17,오류제2동
275,17,수궁동
276,18,가산동
277,18,독산제1동
278,18,독산제2동
279,18,독산제3동
280,18,독산제4동
281,18,시흥제1동
282,18,시흥제2동
283,18,시흥제3동
284,18,시흥제4동
285,18,시흥제5동
286,19,영등포본동
287,19,영등포동
288,19,여의동
289,19,당산제1동
290,19,당산제2동
291,19,도림동
292,19,문래동
293,19,양평제1동
294,19,양평제2동
295,19,신길제1동
296,19,신길제3동
297,19,신길제4동
298,19,신길제5동
299,19,신길제6동
300,19,신길제7동
301,19,대림제1동
302,19,대림제2동
303,19,대림제3동
304,20,노량진제1동
305,20,노량진제2동
306,20,상도제1동
307,20,상도제2동
308,20,상도제3동
309,20,상도제4동
310,20,흑석동
311,20,사당제1동
312,20,사당제2동
313,20,사당제3동
314,20,사당제4동
315,20,사당제5동
316,20,대방동
317,20,신대방제1동
318,20,신대방제2동
319,21,보라매동
320,21,청림동
321,21,성현동
322,21,행운동
323,21,낙성대동
324,21,청룡동
325,21,은천동
326,21,중앙동
327,21,인헌동
328,21,남현동
329,21,서원동
330,21,신원동
331,21,서림동
332,21,신사동
333,21,신림동
334,21,난향동
335,21,조원동
336,21,대학동
337,21,삼성동
338,21,미성동
339,21,난곡동
340,22,서초1동
341,22,서초2동
342,22,서초3동
343,22,서초4동
344,22,잠원동
345,22,반포본동
346,22,반포1동
347,22,반포2동
348,22,반포3동
349,22,반포4동
350,22,방배본동
351,22,방배1동
352,22,방배2동
353,22,방배3동
354,22,방배4동
355,22,양재1동
356,22,양재2동
357,22,내곡동
358,23,신사동
359,23,논현1동
360,23,논현2동
361,23,압구정동
362,23,청담동
363,23,삼성1동
364,23,삼성2동
365,23,대치1동
366,23,대치2동
367,23,대치4동
368,23,역삼1동
369,23,역삼2동
370,23,도곡1동
371,23,도곡2동
372,23,개포1동
373,23,개포2동
374,23,개포4동
375,23,세곡동
376,23,일원본동
377,23,일원1동
378,23,일원2동
379,23,수서동
380,24,풍납1동
381,24,풍납2동
382,24,거여1동
383,24,거여2동
384,24,마천1동
385,24,마천2동
386,24,방이1동
387,24,방이2동
388,24,오륜동
389,24,오금동
390,24,송파1동
391,24,송파2동
392,24,석촌동
393,24,삼전동
394,24,가락본동
395,24,가락1동
396,24,가락2동
397,24,문정1동
398,24,문정2동
399,24,장지동
400,24,위례동
401,24,잠실본동
402,24,잠실2동
403,24,잠실3동
404,24,잠실4동
405,24,잠실6동
406,24,잠실7동
407,25,강일동
408,25,상일동
409,25,명일제1동
410,25,명일제2동
411,25,고덕제1동
412,25,고덕제2동
413,25,암사제1동
414,25,암사제2동
415,25,암사제3동
416,25,천호제1동
417,25,천호제2동
418,25,천호제3동
419,25,성내제1동
420,25,성내제2동
421,25,성내제3동
422,25,길동
423,25,둔촌제1동
424,25,둔촌제2동
425,76,중앙동
426,76,동광동
427,76,대청동
428,76,보수동
429,76,부평동
430,76,광복동
431,76,남포동
432,76,영주제1동
433,76,영주제1동
434,76,영주제2동
435,77,동대신제1동
436,77,동대신제2동
437,77,동대신제3동
438,77,서대신제1동
439,77,서대신제3동
440,77,서대신제4동
441,77,부민동
442,77,아미동
443,77,초장동
444,77,충무동
445,77,남부민제1동
446,77,남부민제2동
447,77,암남동
448,78,초량제1동
449,78,초량제2동
450,78,초량제3동
451,78,초량제6동
452,78,수정제1동
453,78,수정제2동
454,78,수정제4동
455,78,수정제5동
456,78,좌천동
457,78,범일제1동
458,78,범일제2동
459,78,범일제5동
460,79,남항동
461,79,영선제1동
462,79,영선제2동
463,79,신선동
464,79,봉래제1동
465,79,봉래제2동
466,79,청학제1동
467,79,청학제2동
468,79,동삼제1동
469,79,동삼제2동
470,79,동삼제3동
471,80,부전제1동
472,80,부전제2동
473,80,연지동
474,80,초읍동
475,80,양정제1동
476,80,양정제2동
477,80,전포제1동
478,80,전포제2동
479,80,부암제1동
480,80,부암제3동
481,80,당감제1동
482,80,당감제2동
483,80,당감제4동
484,80,가야제1동
485,80,가야제2동
486,80,개금제1동
487,80,개금제2동
488,80,개금제3동
489,80,범천제1동
490,80,범천제2동
491,81,수민동
492,81,복산동
493,81,명륜동
494,81,온천제1동
495,81,온천제2동
496,81,온천제3동
497,81,사직제1동
498,81,사직제2동
499,81,사직제3동
500,81,안락제1동
501,81,안락제2동
502,81,명장제1동
503,81,명장제2동
504,82,대연제1동
505,82,대연제3동
506,82,대연제4동
507,82,대연제5동
508,82,대연제6동
509,82,용호제1동
510,82,용호제2동
511,82,용호제3동
512,82,용호제4동
513,82,용당동
514,82,감만제1동
515,82,감만제2동
516,82,우암동
517,82,문현제1동
518,82,문현제2동
519,82,문현제3동
520,82,문현제4동
521,83,구포제1동
522,83,구포제2동
523,83,구포제3동
524,83,금곡동
525,83,화명제1동
526,83,화명제2동
527,83,화명제3동
528,83,덕천제1동
529,83,덕천제2동
530,83,덕천제3동
531,83,만덕제1동
532,83,만덕제2동
533,83,만덕제3동
534,84,우제1동
535,84,우제2동
536,84,우제3동
537,84,중제1동
538,84,중제2동
539,84,좌제1동
540,84,좌제2동
541,84,좌제3동
542,84,좌제4동
543,84,송정동
544,84,반여제1동
545,84,반여제2동
546,84,반여제3동
547,84,반여제4동
548,84,반송제1동
549,84,반송제2동
550,84,재송제1동
551,84,재송제2동
552,85,괴정제1동
553,85,괴정제2동
554,85,괴정제3동
555,85,괴정제4동
556,85,당리동
557,85,하단제1동
558,85,하단제2동
559,85,신평제1동
560,85,신평제2동
561,85,장림제1동
562,85,장림제2동
563,85,다대제1동
564,85,다대제2동
565,85,구평동
566,85,감천제1동
567,85,감천제2동
568,86,서제1동
569,86,서제2동
570,86,서제3동
571,86,금사동
572,86,부곡제1동
573,86,부곡제2동
574,86,부곡제3동
575,86,부곡제4동
576,86,장전제1동
577,86,장전제2동
578,86,장전제3동
579,86,선두구동
580,86,청룡노포동
581,86,남산동
582,86,구서제1동
583,86,구서제2동
584,86,금성동
585,87,대저1동
586,87,대저2동
587,87,강동동
588,87,명지1동
589,87,명지2동
590,87,가락동
591,87,녹산동
592,87,가덕도동
593,88,거제제1동
594,88,거제제2동
595,88,거제제3동
596,88,거제제4동
597,88,연산제1동
598,88,연산제2동
599,88,연산제3동
600,88,연산제4동
601,88,연산제5동
602,88,연산제6동
603,88,연산제8동
604,88,연산제9동
605,89,남천제1동
606,89,남천제2동
607,89,수영동
608,89,망미제1동
609,89,망미제2동
610,89,광안제1동
611,89,광안제2동
612,89,광안제3동
613,89,광안제4동
614,89,민락동
615,90,삼락동
616,90,모라제1동
617,90,모라제3동
618,90,덕포제1동
619,90,덕포제2동
620,90,괘법동
621,90,감전동
622,90,주례제1동
623,90,주례제2동
624,90,주례제3동
625,90,학장동
626,90,엄궁동
627,91,기장읍
628,91,장안읍
629,91,정관읍
630,91,일광면
631,91,철마면
632,97,동인동
633,97,삼덕동
634,97,성내1동
635,97,성내2동
636,97,성내3동
637,97,대신동
638,97,남산1동
639,97,남산2동
640,97,남산3동
641,97,남산4동
642,97,대봉1동
643,97,대봉2동
644,98,신암1동
645,98,신암2동
646,98,신암3동
647,98,신암4동
648,98,신암5동
649,98,신천1.2동
650,98,신천3동
651,98,신천4동
652,98,효목1동
653,98,효목2동
654,98,도평동
655,98,불로.봉무동
656,98,지저동
657,98,동촌동
658,98,방촌동
659,98,해안동
660,98,안심1동
661,98,안심2동
662,98,안심3.4동
663,98,공산동
664,99,내당1동
665,99,내당2.3동
666,99,내당4동
667,99,비산1동
668,99,비산2.3동
669,99,비산4동
670,99,비산5동
671,99,비산6동
672,99,비산7동
673,99,평리1동
674,99,평리2동
675,99,평리3동
676,99,평리4동
677,99,평리5동
678,99,평리6동
679,99,상중이동
680,99,원대동
681,100,이천동
682,100,봉덕1동
683,100,봉덕2동
684,100,봉덕3동
685,100,대명1동
686,100,대명2동
687,100,대명3동
688,100,대명4동
689,100,대명5동
690,100,대명6동
691,100,대명9동
692,100,대명10동
693,100,대명11동
694,101,고성동
695,101,칠성동
696,101,침산1동
697,101,침산2동
698,101,침산3동
699,101,산격1동
700,101,산격2동
701,101,산격3동
702,101,산격4동
703,101,대현동
704,101,복현1동
705,101,복현2동
706,101,검단동
707,101,무태조야동
708,101,관문동
709,101,태전1동
710,101,태전2동
711,101,구암동
712,101,관음동
713,101,읍내동
714,101,동천동
715,101,노원동
716,101,국우동
717,102,범어1동
718,102,범어2동
719,102,범어3동
720,102,범어4동
721,102,만촌1동
722,102,만촌2동
723,102,만촌3동
724,102,수성1가동
725,102,수성2.3가동
726,102,수성4가동
727,102,황금1동
728,102,황금2동
729,102,중동
730,102,상동
731,102,파동
732,102,두산동
733,102,지산1동
734,102,지산2동
735,102,범물1동
736,102,범물2동
737,102,고산1동
738,102,고산2동
739,102,고산3동
740,103,성당동
741,103,두류1.2동
742,103,두류3동
743,103,감삼동
744,103,죽전동
745,103,장기동
746,103,용산1동
747,103,용산2동
748,103,이곡1동
749,103,이곡2동
750,103,신당동
751,103,본리동
752,103,월성1동
753,103,월성2동
754,103,진천동
755,103,진천동
756,103,상인1동
757,103,상인2동
758,103,상인3동
759,103,도원동
760,103,송현1동
761,103,송현2동
762,103,본동
763,104,화원읍
764,104,논공읍
765,104,논공읍공단출장소
766,104,다사읍
767,104,다사읍서재출장소
768,104,가창면
769,104,하빈면
770,104,옥포면
771,104,현풍면
772,104,유가면
773,104,구지면
774,66,연안동
775,66,신포동
776,66,신흥동
777,66,도원동
778,66,율목동
779,66,동인천동
780,66,북성동
781,66,송월동
782,66,영종동
783,66,영종1동
784,66,운서동
785,66,용유동
786,67,만석동
787,67,화수1.화평동
788,67,화수2동
789,67,송현1.2동
790,67,송현3동
791,67,송림1동
792,67,송림2동
793,67,송림3.5동
794,67,송림4동
795,67,송림6동
796,67,금창동
797,68,숭의2동
798,68,"숭의1,3동"
799,68,숭의4동
800,68,"용현1,4동"
801,68,용현2동
802,68,용현3동
803,68,용현5동
804,68,학익1동
805,68,학익2동
806,68,도화1동
807,68,"도화2,3동"
808,68,주안1동
809,68,주안2동
810,68,주안3동
811,68,주안4동
812,68,주안5동
813,68,주안6동
814,68,주안7동
815,68,주안8동
816,68,관교동
817,68,문학동
818,69,옥련1동
819,69,옥련2동
820,69,선학동
821,69,연수1동
822,69,연수2동
823,69,연수3동
824,69,청학동
825,69,동춘1동
826,69,동춘2동
827,69,동춘3동
828,69,송도1동
829,69,송도2동
830,69,송도3동
831,70,구월1동
832,70,구월2동
833,70,구월3동
834,70,구월4동
835,70,간석1동
836,70,간석2동
837,70,간석3동
838,70,간석4동
839,70,만수1동
840,70,만수2동
841,70,만수3동
842,70,만수4동
843,70,만수5동
844,70,만수6동
845,70,장수서창동
846,70,남촌도림동
847,70,논현1동
848,70,논현2동
849,70,논현고잔동
850,71,부평1동
851,71,부평2동
852,71,부평3동
853,71,부평4동
854,71,부평5동
855,71,부평6동
856,71,산곡1동
857,71,산곡2동
858,71,산곡3동
859,71,산곡4동
860,71,청천1동
861,71,청천2동
862,71,갈산1동
863,71,갈산2동
864,71,삼산1동
865,71,삼산2동
866,71,부개1동
867,71,부개2동
868,71,부개3동
869,71,일신동
870,71,십정1동
871,71,십정2동
872,72,효성1동
873,72,효성2동
874,72,계산1동
875,72,계산2동
876,72,계산3동
877,72,계산4동
878,72,작전1동
879,72,작전2동
880,72,작전서운동
881,72,계양1동
882,72,계양2동
883,72,계양3동
884,73,검암경서동
885,73,연희동
886,73,청라1동
887,73,청라2동
888,73,청라3동
889,73,가정1동
890,73,가정2동
891,73,가정3동
892,73,석남1동
893,73,석남2동
894,73,석남3동
895,73,신현원창동
896,73,가좌1동
897,73,가좌2동
898,73,가좌3동
899,73,가좌4동
900,73,검단1동
901,73,검단2동
902,73,검단3동
903,73,검단4동
904,73,검단5동
905,74,강화읍
906,74,선원면
907,74,불은면
908,74,길상면
909,74,화도면
910,74,양도면
911,74,내가면
912,74,하점면
913,74,양사면
914,74,송해면
915,74,교동면
916,74,삼산면
917,74,서도면
918,74,서도면볼음출장소
919,75,북도면
920,75,북도면장봉출장소
921,75,백령면
922,75,대청면
923,75,대청면소청출장소
924,75,덕적면
925,75,영흥면
926,75,자월면
927,75,연평면
928,110,충장동
929,110,동명동
930,110,계림1동
931,110,계림2동
932,110,산수1동
933,110,산수2동
934,110,지산1동
935,110,지산2동
936,110,서남동
937,110,학동
938,110,학운동
939,110,지원1동
940,110,지원2동
941,111,양동
942,111,양3동
943,111,농성1동
944,111,농성2동
945,111,광천동
946,111,유덕동
947,111,치평동
948,111,상무1동
949,111,상무2동
950,111,화정1동
951,111,화정2동
952,111,화정3동
953,111,화정4동
954,111,서창동
955,111,금호1동
956,111,금호2동
957,111,풍암동
958,111,동천동
959,112,양림동
960,112,방림1동
961,112,방림2동
962,112,봉선1동
963,112,봉선2동
964,112,사직동
965,112,월산동
966,112,월산4동
967,112,월산5동
968,112,백운1동
969,112,백운2동
970,112,주월1동
971,112,주월2동
972,112,효덕동
973,112,송암동
974,112,대촌동
975,113,중흥1동
976,113,중흥2동
977,113,중흥3동
978,113,중앙동
979,113,임동
980,113,신안동
981,113,용봉동
982,113,운암1동
983,113,운암2동
984,113,운암3동
985,113,동림동
986,113,우산동
987,113,풍향동
988,113,문화동
989,113,문흥1동
990,113,문흥2동
991,113,두암1동
992,113,두암2동
993,113,두암3동
994,113,삼각동
995,113,일곡동
996,113,매곡동
997,113,오치1동
998,113,오치2동
999,113,석곡동
1000,113,건국동
1001,113,양산동
1002,114,송정1동
1003,114,송정2동
1004,114,도산동
1005,114,신흥동
1006,114,어룡동
1007,114,우산동
1008,114,월곡1동
1009,114,월곡2동
1010,114,비아동
1011,114,첨단1동
1012,114,첨단2동
1013,114,신가동
1014,114,운남동
1015,114,수완동
1016,114,하남동
1017,114,임곡동
1018,114,동곡동
1019,114,평동
1020,114,삼도동
1021,114,본량동
1022,114,신창동
1023,92,중앙동
1024,92,효동
1025,92,신인동
1026,92,판암1동
1027,92,판암2동
1028,92,용운동
1029,92,대동
1030,92,자양동
1031,92,가양1동
1032,92,가양2동
1033,92,용전동
1034,92,성남동
1035,92,홍도동
1036,92,삼성동
1037,92,대청동
1038,92,산내동
1039,93,은행선화동
1040,93,목동
1041,93,중촌동
1042,93,대흥동
1043,93,문창동
1044,93,석교동
1045,93,대사동
1046,93,부사동
1047,93,용두동
1048,93,오류동
1049,93,태평1동
1050,93,태평2동
1051,93,유천1동
1052,93,유천2동
1053,93,문화1동
1054,93,문화2동
1055,93,산성동
1056,94,복수동
1057,94,도마1동
1058,94,도마2동
1059,94,정림동
1060,94,변동
1061,94,용문동
1062,94,탄방동
1063,94,괴정동
1064,94,가장동
1065,94,내동
1066,94,갈마1동
1067,94,갈마2동
1068,94,월평1동
1069,94,월평2동
1070,94,월평3동
1071,94,가수원동
1072,94,관저1동
1073,94,관저2동
1074,94,기성동
1075,94,둔산1동
1076,94,둔산2동
1077,94,만년동
1078,94,둔산3동
1079,95,진잠동
1080,95,온천1동
1081,95,온천2동
1082,95,온천2동
1083,95,노은1동
1084,95,노은2동
1085,95,노은3동
1086,95,신성동
1087,95,전민동
1088,95,구즉동
1089,95,관평동
1090,95,원신흥동
1091,96,오정동
1092,96,대화동
1093,96,회덕동
1094,96,비래동
1095,96,송촌동
1096,96,중리동
1097,96,신탄진동
1098,96,석봉동
1099,96,덕암동
1100,96,목상동
1101,96,법1동
1102,96,법2동
1103,105,학성동
1104,105,반구1동
1105,105,반구2동
1106,105,복산1동
1107,105,복산2동
1108,105,중앙동
1109,105,우정동
1110,105,태화동
1111,105,태화동
1112,105,다운동
1113,105,병영1동
1114,105,병영2동
1115,105,약사동
1116,105,성안동
1117,106,신정1동
1118,106,신정2동
1119,106,신정3동
1120,106,신정4동
1121,106,신정5동
1122,106,달동
1123,106,삼산동
1124,106,삼호동
1125,106,무거동
1126,106,옥동
1127,106,대현동
1128,106,수암동
1129,106,선암동
1130,106,야음장생포동
1131,107,방어동
1132,107,일산동
1133,107,화정동
1134,107,대송동
1135,107,전하1동
1136,107,전하2동
1137,107,남목1동
1138,107,남목2동
1139,107,남목3동
1140,108,농소1동
1141,108,농소2동
1142,108,농소3동
1143,108,강동동
1144,108,효문동
1145,108,송정동
1146,108,양정동
1147,108,염포동
1148,109,온산읍
1149,109,언양읍
1150,109,온양읍
1151,109,범서읍
1152,109,서생면
1153,109,청량면
1154,109,웅촌면
1155,109,두동면
1156,109,두서면
1157,109,상북면
1158,109,삼남면
1159,109,삼동면
1160,115,조치원읍
1161,115,연기면
1162,115,연동면
1163,115,부강면
1164,115,금남면
1165,115,장군면
1166,115,연서면
1167,115,전의면
1168,115,전동면
1169,115,소정면
1170,115,한솔동
1171,115,새롬동
1172,115,도담동
1173,115,아름동
1174,115,종촌동
1175,115,고운동
1176,115,보람동
1177,26,파장동
1178,26,율천동
1179,26,정자1동
1180,26,정자2동
1181,26,정자3동
1182,26,정자3동
1183,26,영화동
1184,26,송죽동
1185,26,조원1동
1186,26,조원2동
1187,26,연무동
1188,27,세류1동
1189,27,세류2동
1190,27,세류3동
1191,27,평동
1192,27,서둔동
1193,27,구운동
1194,27,금곡동
1195,27,호매실동
1196,27,권선1동
1197,27,권선2동
1198,27,곡선동
1199,27,입북동
1200,28,매교동
1201,28,매산동
1202,28,고등동
1203,28,화서1동
1204,28,화서2동
1205,28,지동
1206,28,우만1동
1207,28,우만2동
1208,28,인계동
1209,28,행궁동
1210,29,매탄1동
1211,29,매탄2동
1212,29,매탄3동
1213,29,매탄4동
1214,29,원천동
1215,29,영통1동
1216,29,영통2동
1217,29,영통3동
1218,29,태장동
1219,29,광교1동
1220,29,광교2동
1221,30,신흥1동
1222,30,신흥2동
1223,30,신흥3동
1224,30,태평1동
1225,30,태평2동
1226,30,태평3동
1227,30,태평4동
1228,30,수진1동
1229,30,수진2동
1230,30,단대동
1231,30,산성동
1232,30,양지동
1233,30,복정동
1234,30,위례동
1235,30,신촌동
1236,30,고등동
1237,30,시흥동
1238,31,성남동
1239,31,중앙동
1240,31,금광1동
1241,31,금광2동
1242,31,은행1동
1243,31,은행2동
1244,31,상대원1동
1245,31,상대원2동
1246,31,상대원3동
1247,31,하대원동
1248,31,도촌동
1249,32,분당동
1250,32,수내1동
1251,32,수내2동
1252,32,수내3동
1253,32,정자동
1254,32,정자1동
1255,32,정자2동
1256,32,정자3동
1257,32,서현1동
1258,32,서현2동
1259,32,이매1동
1260,32,이매2동
1261,32,야탑1동
1262,32,야탑2동
1263,32,야탑3동
1264,32,판교동
1265,32,삼평동
1266,32,백현동
1267,32,금곡동
1268,32,구미1동
1269,32,구미동
1270,32,운중동
1271,33,의정부1동
1272,33,의정부2동
1273,33,의정부3동
1274,33,호원1동
1275,33,호원2동
1276,33,장암동
1277,33,신곡1동
1278,33,신곡2동
1279,33,송산1동
1280,33,송산2동
1281,33,자금동
1282,33,가능1동
1283,33,흥선동
1284,33,녹양동
1285,34,안양1동
1286,34,안양2동
1287,34,안양3동
1288,34,안양4동
1289,34,안양5동
1290,34,안양6동
1291,34,안양7동
1292,34,안양8동
1293,34,안양9동
1294,34,석수1동
1295,34,석수2동
1296,34,석수3동
1297,34,박달1동
1298,34,박달2동
1299,35,비산1동
1300,35,비산2동
1301,35,비산3동
1302,35,부흥동
1303,35,달안동
1304,35,관양1동
1305,35,관양2동
1306,35,부림동
1307,35,평촌동
1308,35,평안동
1309,35,귀인동
1310,35,호계1동
1311,35,호계2동
1312,35,호계3동
1313,35,범계동
1314,35,신촌동
1315,35,갈산동
1316,36,심곡2동
1317,36,심곡1동
1318,36,심곡3동
1319,36,원미2동
1320,36,소사동
1321,36,원미1동
1322,36,역곡1동
1323,36,역곡2동
1324,36,춘의동
1325,36,도당동
1326,36,중동
1327,36,상동
1328,36,상1동
1329,36,중4동
1330,36,약대동
1331,36,중1동
1332,36,중2동
1333,36,중3동
1334,36,상2동
1335,36,상3동
1336,36,심곡본동
1337,36,심곡본1동
1338,36,송내1동
1339,36,송내2동
1340,36,소사본동
1341,36,소사본3동
1342,36,괴안동
1343,36,범박동
1344,36,역곡3동
1345,36,성곡동
1346,36,고강본동
1347,36,고강1동
1348,36,오정동
1349,36,원종1동
1350,36,원종2동
1351,36,신흥동
1352,37,광명1동
1353,37,광명2동
1354,37,광명3동
1355,37,광명4동
1356,37,광명5동
1357,37,광명6동
1358,37,광명7동
1359,37,철산1동
1360,37,철산2동
1361,37,철산3동
1362,37,철산4동
1363,37,하안1동
1364,37,하안2동
1365,37,하안3동
1366,37,하안4동
1367,37,소하1동
1368,37,소하2동
1369,37,학온동
1370,38,팽성읍
1371,38,안중읍
1372,38,포승읍
1373,38,청북읍
1374,38,진위면
1375,38,서탄면
1376,38,고덕면
1377,38,오성면
1378,38,현덕면
1379,38,중앙동
1380,38,서정동
1381,38,송탄동
1382,38,지산동
1383,38,송북동
1384,38,신장1동
1385,38,신장2동
1386,38,신평동
1387,38,원평동
1388,38,통복동
1389,38,비전1동
1390,38,비전2동
1391,38,세교동
1392,39,생연1동
1393,39,생연2동
1394,39,중앙동
1395,39,보산동
1396,39,불현동
1397,39,송내동
1398,39,소요동
1399,39,상패동
1400,40,일동
1401,40,이동
1402,40,사동
1403,40,사이동
1404,40,해양동
1405,40,본오1동
1406,40,본오2동
1407,40,본오3동
1408,40,부곡동
1409,40,월피동
1410,40,성포동
1411,40,반월동
1412,40,안산동
1413,41,와동
1414,41,고잔동
1415,41,중앙동
1416,41,호수동
1417,41,원곡동
1418,41,백운동
1419,41,신길동
1420,41,초지동
1421,41,선부1동
1422,41,선부2동
1423,41,선부3동
1424,41,대부동
1425,116,주교동
1426,116,원신동
1427,116,흥도동
1428,116,성사1동
1429,116,성사2동
1430,116,효자동
1431,116,신도동
1432,116,창릉동
1433,116,고양동
1434,116,관산동
1435,116,능곡동
1436,116,화정1동
1437,116,화정2동
1438,116,행주동
1439,116,행신1동
1440,116,행신2동
1441,116,행신3동
1442,116,화전동
1443,116,대덕동
1444,117,식사동
1445,117,중산동
1446,117,정발산동
1447,117,풍산동
1448,117,백석1동
1449,117,백석2동
1450,117,마두1동
1451,117,마두2동
1452,117,장항1동
1453,117,장항2동
1454,117,고봉동
1455,42,일산1동
1456,42,일산2동
1457,42,일산3동
1458,42,탄현동
1459,42,주엽1동
1460,42,주엽2동
1461,42,대화동
1462,42,송포동
1463,42,송산동
1464,43,중앙동
1465,43,갈현동
1466,43,별양동
1467,43,부림동
1468,43,과천동
1469,43,문원동
1470,44,갈매동
1471,44,동구동
1472,44,인창동
1473,44,교문1동
1474,44,교문2동
1475,44,수택1동
1476,44,수택2동
1477,44,수택3동
1478,45,와부읍
1479,45,진접읍
1480,45,화도읍
1481,45,진건읍
1482,45,오남읍
1483,45,별내면
1484,45,수동면
1485,45,조안면
1486,45,퇴계원면
1487,45,호평동
1488,45,평내동
1489,45,금곡동
1490,45,양정동
1491,45,다산1동
1492,45,다산2동
1493,45,별내동
1494,46,중앙동
1495,46,남촌동
1496,46,신장동
1497,46,세마동
1498,46,초평동
1499,46,대원동
1500,47,대야동
1501,47,신천동
1502,47,신현동
1503,47,은행동
1504,47,매화동
1505,47,목감동
1506,47,군자동
1507,47,월곶동
1508,47,정왕본동
1509,47,정왕1동
1510,47,정왕2동
1511,47,정왕3동
1512,47,정왕4동
1513,47,과림동
1514,47,연성동
1515,47,장곡동
1516,47,능곡동
1517,48,군포1동
1518,48,군포2동
1519,48,산본1동
1520,48,산본2동
1521,48,금정동
1522,48,재궁동
1523,48,오금동
1524,48,수리동
1525,48,궁내동
1526,48,대야동
1527,48,광정동
1528,49,고천동
1529,49,부곡동
1530,49,오전동
1531,49,내손1동
1532,49,내손2동
1533,49,청계동
1534,50,천현동
1535,50,신장1동
1536,50,신장2동
1537,50,덕풍1동
1538,50,덕풍2동
1539,50,덕풍3동
1540,50,풍산동
1541,50,감북동
1542,50,위례동
1543,50,춘궁동
1544,50,초이동
1545,50,미사1동
1546,50,미사2동
1547,51,포곡읍
1548,51,모현읍
1549,51,이동읍
1550,51,남사면
1551,51,원삼면
1552,51,백암면
1553,51,양지면
1554,51,중앙동
1555,51,역삼동
1556,51,유림동
1557,51,동부동
1558,52,신갈동
1559,52,영덕동
1560,52,구갈동
1561,52,상갈동
1562,52,기흥동
1563,52,서농동
1564,52,구성동
1565,52,마북동
1566,52,동백동
1567,52,상하동
1568,52,보정동
1569,53,풍덕천1동
1570,53,풍덕천2동
1571,53,신봉동
1572,53,죽전1동
1573,53,죽전2동
1574,53,동천동
1575,53,상현1동
1576,53,상현2동
1577,53,성복동
1578,54,문산읍
1579,54,파주읍
1580,54,법원읍
1581,54,조리읍
1582,54,월롱면
1583,54,탄현면
1584,54,광탄면
1585,54,파평면
1586,54,적성면
1587,54,군내면
1588,54,장단면
1589,54,진동면
1590,54,진서면
1591,54,금촌1동
1592,54,금촌2동
1593,54,금촌3동
1594,54,교하동
1595,54,운정1동
1596,54,운정2동
1597,54,운정3동
1598,55,장호원읍
1599,55,부발읍
1600,55,신둔면
1601,55,백사면
1602,55,호법면
1603,55,마장면
1604,55,대월면
1605,55,모가면
1606,55,설성면
1607,55,율면
1608,55,창전동
1609,55,증포동
1610,55,중리동
1611,55,관고동
1612,56,공도읍
1613,56,보개면
1614,56,금광면
1615,56,서운면
1616,56,미양면
1617,56,대덕면
1618,56,양성면
1619,56,원곡면
1620,56,일죽면
1621,56,죽산면
1622,56,삼죽면
1623,56,고삼면
1624,56,안성1동
1625,56,안성2동
1626,56,안성3동
1627,57,통진읍
1628,57,고촌읍
1629,57,양촌읍
1630,57,대곶면
1631,57,월곶면
1632,57,하성면
1633,57,김포본동
1634,57,장기본동
1635,57,사우동
1636,57,풍무동
1637,57,장기동
1638,57,구래동
1639,57,운양동
1640,58,봉담읍
1641,58,우정읍
1642,58,향남읍
1643,58,남양읍
1644,58,매송면
1645,58,비봉면
1646,58,마도면
1647,58,송산면
1648,58,서신면
1649,58,팔탄면
1650,58,장안면
1651,58,양감면
1652,58,정남면
1653,58,새솔동
1654,58,진안동
1655,58,병점1동
1656,58,병점2동
1657,58,반월동
1658,58,기배동
1659,58,화산동
1660,58,동탄1동
1661,58,동탄2동
1662,58,동탄3동
1663,58,동탄4동
1664,58,동탄5동
1665,58,동탄5동
1666,58,동탄6동
1667,59,오포읍
1668,59,초월읍
1669,59,곤지암읍
1670,59,도척면
1671,59,퇴촌면
1672,59,남종면
1673,59,남한산성면
1674,59,경안동
1675,59,송정동
1676,59,광남동
1677,60,백석읍
1678,60,은현면
1679,60,남면
1680,60,광적면
1681,60,장흥면
1682,60,양주1동
1683,60,양주2동
1684,60,회천1동
1685,60,회천2동
1686,60,회천3동
1687,60,회천4동
1688,61,소흘읍
1689,61,군내면
1690,61,내촌면
1691,61,가산면
1692,61,신북면
1693,61,창수면
1694,61,영중면
1695,61,일동면
1696,61,이동면
1697,61,영북면
1698,61,관인면
1699,61,화현면
1700,61,포천동
1701,61,선단동
1702,62,가남읍
1703,62,점동면
1704,62,흥천면
1705,62,금사면
1706,62,능서면
1707,62,대신면
1708,62,북내면
1709,62,강천면
1710,62,산북면
1711,62,여흥동
1712,62,중앙동
1713,62,오학동
1714,63,연천읍
1715,63,전곡읍
1716,63,군남면
1717,63,청산면
1718,63,백학면
1719,63,미산면
1720,63,왕징면
1721,63,신서면
1722,63,중면
1723,63,장남면
1724,64,가평읍
1725,64,설악면
1726,64,청평면
1727,64,상면
1728,64,조종면
1729,64,북면
1730,65,양평읍
1731,65,강상면
1732,65,강하면
1733,65,양서면
1734,65,옥천면
1735,65,서종면
1736,65,단월면
1737,65,청운면
1738,65,양동면
1739,65,지평면
1740,65,용문면
1741,65,개군면
